Bloque;Apartado;Titulo;Valoracion;Minimo;CubiertoPor;Motivo;Revisado
welcome;platform-model;El modelo mental de Dynatrace;requiere;1;;Afirma que entidad, relación Smartscape y Problem conectan un síntoma (CPU) con proceso, servicio y experiencia afectada: dato verificable no preguntado aún.;2026-10-02
welcome;investigation-loop;Bucle de investigación;requiere;1;;"Contenido evaluable en el examen; ya tiene preguntas revisadas y respaldadas por una frase literal del apartado (auditoría oct 2026).";2026-10-02
welcome;terminology;Terminología que no debes mezclar;requiere;2;;"La tabla de conceptos incluye datos no evaluados en el bloque (DPL sirve para parsing frente a DQL; Business Event como hecho de negocio).";2026-10-02
welcome;study-method;Cómo usar esta aplicación;no-requiere;0;;"Describe cómo usar la app (lectura, quiz, repaso, simulacro); no contiene ningún dato de Dynatrace verificable.";2026-10-02
welcome;deep-dynatrace-101;Dynatrace 101: Arquitectura y Fundamentos de la Plataforma;requiere;2;;Además de lo ya cubierto, aporta los tipos de AI de Dynatrace Intelligence (predictive/generative) y que DPS sustituye a Host Units y DEM units.;2026-10-02
welcome;sup-grail-dql;Grail y DQL: un único almacén y un lenguaje en pipeline;requiere;1;;"Contenido evaluable en el examen; ya tiene preguntas revisadas y respaldadas por una frase literal del apartado (auditoría oct 2026).";2026-10-02
welcome;sup-buckets-permissions;Buckets, retención y permisos en Grail;requiere;1;;"Contenido evaluable en el examen; ya tiene preguntas revisadas y respaldadas por una frase literal del apartado (auditoría oct 2026).";2026-10-02
welcome;sup-openpipeline;OpenPipeline: procesar antes de almacenar;requiere;1;;"Contenido evaluable en el examen; ya tiene preguntas revisadas y respaldadas por una frase literal del apartado (auditoría oct 2026).";2026-10-02
welcome;sup-smartscape;Smartscape: entidades, tiers y relaciones;requiere;1;;"Contenido evaluable en el examen; ya tiene preguntas revisadas y respaldadas por una frase literal del apartado (auditoría oct 2026).";2026-10-02
welcome;sup-oneagent;OneAgent, ActiveGate y OpenTelemetry;requiere;1;;"Contenido evaluable en el examen; ya tiene preguntas revisadas y respaldadas por una frase literal del apartado (auditoría oct 2026).";2026-10-02
welcome;sup-dps;Dynatrace Platform Subscription (DPS): consumo por capability;requiere;1;;"Contenido evaluable en el examen; ya tiene preguntas revisadas y respaldadas por una frase literal del apartado (auditoría oct 2026).";2026-10-02
welcome;deep-data-to-decision;De la telemetría a una decisión operativa;requiere;1;;Distingue tipos de señal (métrica, log, trace, user event, security finding) con record types distintos, evaluable con DQL.;2026-10-02
welcome;sup-platform-apps;Navegación y apps clave de la plataforma;requiere;1;;"Contenido evaluable en el examen; ya tiene preguntas revisadas y respaldadas por una frase literal del apartado (auditoría oct 2026).";2026-10-02
welcome;deep-problem-davis;Davis event, Problem, root cause e impact;requiere;2;;Aporta datos distintos de sup-problems-lifecycle: qué determina el impact analysis (blast radius, usuarios) y que las anomalías individuales son Davis events.;2026-10-02
welcome;sup-problems-lifecycle;Problems: correlación, severidad y ciclo de vida;requiere;1;;"Contenido evaluable en el examen; ya tiene preguntas revisadas y respaldadas por una frase literal del apartado (auditoría oct 2026).";2026-10-02
welcome;sup-anomaly-ai;Detección de anomalías y las AI de Dynatrace Intelligence;requiere;1;;"Contenido evaluable en el examen; ya tiene preguntas revisadas y respaldadas por una frase literal del apartado (auditoría oct 2026).";2026-10-02
welcome;sup-security-business-dem;Seguridad, negocio y experiencia digital en la misma plataforma;requiere;1;;"Contenido evaluable en el examen; ya tiene preguntas revisadas y respaldadas por una frase literal del apartado (auditoría oct 2026).";2026-10-02
welcome;deep-evidence-quality;Calidad de evidencia y límites;requiere;2;;La secuencia de comprobaciones (record type, timeframe, permisos) ante un resultado vacío es evaluable como troubleshooting.;2026-10-02
welcome;deep-associate-transfer;Cómo convertir el path en dominio;no-requiere;0;;"Método de estudio y descripción de los tipos de pregunta del banco; las menciones a OneAgent son ejemplos sin datos concretos.";2026-10-02
welcome;precision-facts;Hechos de precisión;requiere;3;;"Ficha de precisión; se preguntan los hechos aún no evaluados: predicción probabilística del seasonal baseline, instalación de apps en Hub y consumo de todas las capabilities DPS contra un mismo compromiso.";2026-10-02
instructions;scope;Qué debe cubrir tu preparación;no-requiere;0;;"Orientación sobre el alcance del path y el método de estudio (lectura, práctica, recuperación); no contiene ningún dato técnico verificable de Dynatrace.";2026-10-02
instructions;readiness;Checklist de preparación;no-requiere;0;;Checklist personal y logístico (navegador, cámara, identidad, zona horaria) sin hechos concretos de producto ni de examen que puedan preguntarse.;2026-10-02
instructions;source-literacy;Leer documentación técnica con precisión;no-requiere;0;;"Método para leer documentación (variante, permisos, límites); son preguntas guía de estudio, sin dato verificable propio.";2026-10-02
instructions;exam-strategy;Estrategia de examen;no-requiere;0;;"Estrategia de respuesta (palabras de alcance, eliminar absolutismos, marcar dudas); preguntarlo sería metaconocimiento sin dato de producto.";2026-10-02
instructions;deep-exam-readiness;Conectividad de red de OneAgent y ActiveGate;requiere;1;;"Contenido evaluable en el examen; ya tiene preguntas revisadas y respaldadas por una frase literal del apartado (auditoría oct 2026).";2026-10-02
instructions;sup-proxy-config;Proxies: configurar OneAgent y ActiveGate;requiere;1;;"Contenido evaluable en el examen; ya tiene preguntas revisadas y respaldadas por una frase literal del apartado (auditoría oct 2026).";2026-10-02
instructions;sup-tls-trust;Certificados propios: proxies con inspección TLS y PKI interna;requiere;1;;"Contenido evaluable en el examen; ya tiene preguntas revisadas y respaldadas por una frase literal del apartado (auditoría oct 2026).";2026-10-02
instructions;sup-network-zones;Network zones y ActiveGate groups;requiere;1;;"Contenido evaluable en el examen; ya tiene preguntas revisadas y respaldadas por una frase literal del apartado (auditoría oct 2026).";2026-10-02
instructions;deep-official-scope;Qué es fuente de examen y qué es ampliación;no-requiere;0;;"Describe la jerarquía de fuentes de estudio (path, Docs, comunidad) y la convención de mantener términos en inglés; es contexto de estudio, no contenido evaluable del examen.";2026-10-02
instructions;deep-prerequisite-map;Prerrequisitos técnicos que debes activar;cubierto;0;sup-processes-services;"Su único contenido técnico es repasar las capas proceso, process group, host, container y service, que evalúan las preguntas de sup-processes-services (I-008, R-INS-13/14/15); los temas de red y formatos que enumera se evalúan en los apartados 5-8 y 14-16. La lista de tecnologías prerrequisito del path (verificada) no es materia de examen.";2026-10-02
instructions;sup-processes-services;Procesos, process groups y services;requiere;1;;"Contenido evaluable en el examen; ya tiene preguntas revisadas y respaldadas por una frase literal del apartado (auditoría oct 2026).";2026-10-02
instructions;sup-k8s-operator;Kubernetes y Dynatrace Operator;requiere;1;;"Contenido evaluable en el examen; ya tiene preguntas revisadas y respaldadas por una frase literal del apartado (auditoría oct 2026).";2026-10-02
instructions;sup-k8s-health;Estados de Kubernetes y alertas de Dynatrace;requiere;1;;"Contenido evaluable en el examen; ya tiene preguntas revisadas y respaldadas por una frase literal del apartado (auditoría oct 2026).";2026-10-02
instructions;sup-http-web;HTTP en Dynatrace: failure detection, IP del cliente y campos de spans;requiere;1;;"Contenido evaluable en el examen; ya tiene preguntas revisadas y respaldadas por una frase literal del apartado (auditoría oct 2026).";2026-10-02
instructions;sup-traces;Traces y spans en el Semantic Dictionary;requiere;1;;"Contenido evaluable en el examen; ya tiene preguntas revisadas y respaldadas por una frase literal del apartado (auditoría oct 2026).";2026-10-02
instructions;sup-ingest-formats;Timestamps, métricas y logs JSON en la ingesta;requiere;1;;"Contenido evaluable en el examen; ya tiene preguntas revisadas y respaldadas por una frase literal del apartado (auditoría oct 2026).";2026-10-02
instructions;sup-otlp;OpenTelemetry (OTLP) hacia Dynatrace;requiere;1;;"Contenido evaluable en el examen; ya tiene preguntas revisadas y respaldadas por una frase literal del apartado (auditoría oct 2026).";2026-10-02
instructions;deep-study-routine;Rutina de estudio comprobable;no-requiere;0;;"Rutina de estudio y uso de la propia app (quiz, banco, confianza); no contiene datos de Dynatrace ni del examen.";2026-10-02
instructions;deep-question-reading;Lectura adversarial del enunciado y tácticas de búsqueda;requiere;3;;Además de táctica de lectura, cita permisos IAM (app-engine:apps:install, storage:bucket-definitions:write) y tablas de Grail (dt.system.buckets, dt.entity.host) reales y preguntables.;2026-10-02
instructions;precision-facts;Hechos de precisión;requiere;3;;"Ficha de precisión: se preguntan los hechos no cubiertos (formato 60 escritas + 10-15 prácticas con solo la práctica open book; ProctorU solo en inglés; localizar cuellos de botella en arquitecturas multicapa). Conectividad, proxy y jerarquía K8s ya estaban preguntados.";2026-10-02
platform;ui-navigation;UI, Dock y búsqueda;requiere;1;;"Enumera los elementos del Dock (Search, Apps, apps fijadas) y los Launchpads, dato verificable de la UI; el resto es método de navegación.";2026-10-02
platform;sup-ui-dock;Dock, Apps, Launchpads y menús de la UI;requiere;1;;"Contenido evaluable en el examen; ya tiene preguntas revisadas y respaldadas por una frase literal del apartado (auditoría oct 2026).";2026-10-02
platform;sup-platform-search;Platform search: qué busca y con qué límites;requiere;1;;"Contenido evaluable en el examen; ya tiene preguntas revisadas y respaldadas por una frase literal del apartado (auditoría oct 2026).";2026-10-02
platform;grail-hub;Grail, Dynatrace Hub y Support;requiere;2;;Aporta datos propios no preguntados: Help & Support del menú Support lleva al Support hub, y Grail se consulta con DQL.;2026-10-02
platform;sup-platform-components;Las piezas de la plataforma y cómo se reparten el trabajo;requiere;1;;"Contenido evaluable en el examen; ya tiene preguntas revisadas y respaldadas por una frase literal del apartado (auditoría oct 2026).";2026-10-02
platform;permissions;Permisos y contexto;requiere;2;;Lista las tablas en buckets que exigen storage:buckets:read más permiso de tabla (bizevents sin preguntar) y las causas de resultados menores (segment, WHERE por registro).;2026-10-02
platform;experience;Experiencia digital y resiliencia;cubierto;0;sup-dem-resilience;"Solo enuncia que la experiencia digital observa usuarios reales y pruebas controladas y la idea de resiliencia; R-PLA-30/31/32 de sup-dem-resilience ya evalúan RUM/Synthetic/Session Replay/SRG. El resto es método de razonamiento.";2026-10-02
platform;sup-dem-resilience;RUM, Synthetic, Session Replay y Site Reliability Guardian;requiere;1;;"Contenido evaluable en el examen; ya tiene preguntas revisadas y respaldadas por una frase literal del apartado (auditoría oct 2026).";2026-10-02
platform;data-context;Datos, entidades y aplicaciones;requiere;1;;Afirma que datos del mismo almacén no comparten esquema, retención ni permiso: verificable con los permisos por tabla (storage:spans:read frente a storage:logs:read).;2026-10-02
platform;latest-classic;Latest Dynatrace y Classic;no-requiere;0;;"Orientación de método (fijar la variante antes de responder) sin ningún dato concreto verificable; el toggle Latest Dynatrace ya se evalúa en R-PLA-04 (sup-ui-dock).";2026-10-02
platform;platform-contract;Contrato de una capacidad;requiere;1;;Menciona que una capacidad puede requerir un ActiveGate: dato verificable en el framework de extensiones (extensiones remotas en un ActiveGate de entorno dentro de un ActiveGate group).;2026-10-02
platform;deep-grail-records;Grail como modelo de datos, no como palabra comodín;requiere;2;;Contiene datos evaluables no preguntados: timeframe frente a retención (default_logs 35 días) y fuentes DQL no intercambiables (timeseries, fetch dt.davis.problems).;2026-10-02
platform;sup-grail-buckets;Buckets, tables y views en Grail;requiere;1;;"Contenido evaluable en el examen; ya tiene preguntas revisadas y respaldadas por una frase literal del apartado (auditoría oct 2026).";2026-10-02
platform;sup-grail-permissions;Permisos en Grail: bucket, tabla, registro y campo;requiere;1;;"Contenido evaluable en el examen; ya tiene preguntas revisadas y respaldadas por una frase literal del apartado (auditoría oct 2026).";2026-10-02
platform;deep-hub-lifecycle;Dynatrace Hub, permisos IAM y ciclo de una capacidad;requiere;1;;"Contenido evaluable en el examen; ya tiene preguntas revisadas y respaldadas por una frase literal del apartado (auditoría oct 2026).";2026-10-02
platform;sup-hub-extensions;Instalar apps y activar extensiones desde Hub;requiere;1;;"Contenido evaluable en el examen; ya tiene preguntas revisadas y respaldadas por una frase literal del apartado (auditoría oct 2026).";2026-10-02
platform;deep-documents-permissions;Documents, ownership y sharing controls;requiere;1;;Casi todo lo cubre sup-document-sharing, pero aporta un dato distinto no preguntado: dashboards, notebooks y launchpads son los tipos de documento con owner y sharing.;2026-10-02
platform;sup-document-sharing;Compartir documentos: Share access, enlaces y propiedad;requiere;1;;"Contenido evaluable en el examen; ya tiene preguntas revisadas y respaldadas por una frase literal del apartado (auditoría oct 2026).";2026-10-02
platform;deep-problems-platform;Problems como experiencia transversal y estructura de registros;requiere;1;;"Contenido evaluable en el examen; ya tiene preguntas revisadas y respaldadas por una frase literal del apartado (auditoría oct 2026).";2026-10-02
platform;sup-problems-app;La app Problems: lista, filtros, detalles y cierre;requiere;1;;"Contenido evaluable en el examen; ya tiene preguntas revisadas y respaldadas por una frase literal del apartado (auditoría oct 2026).";2026-10-02
platform;precision-facts;Hechos de precisión;requiere;3;;"Ficha de precisión; se preguntan hechos aún no evaluados: bucket asociado a un record type, app-engine:apps:delete para desinstalar y pestaña Product information de Hub.";2026-10-02
observability;oneagent;OneAgent y observabilidad automática;requiere;2;;"Define el modelo de entidades (Host, Process Group, PGI, Service, Application) y advierte de que un host monitorizado no implica cobertura de toda tecnología; ambos datos son evaluables.";2026-10-02
observability;activegate;ActiveGate y monitorización remota;requiere;2;;Describe las funciones de ActiveGate (conectividad, monitorización remota, extensibilidad) y su papel frente a OneAgent en tecnologías remotas, verificables en la página de ActiveGate.;2026-10-02
observability;sup-activegate-routing;ActiveGate: tipos, puertos, fallback y network zones;requiere;1;;"Contenido evaluable en el examen; ya tiene preguntas revisadas y respaldadas por una frase literal del apartado (auditoría oct 2026).";2026-10-02
observability;topology;Entidades, Smartscape y Problems;requiere;2;;Contiene la distinción Davis event vs Problem y el uso de Smartscape para dependencias, ambos documentados.;2026-10-02
observability;sup-process-groups;Host groups, process groups y process group instances;requiere;1;;"Contenido evaluable en el examen; ya tiene preguntas revisadas y respaldadas por una frase literal del apartado (auditoría oct 2026).";2026-10-02
observability;sup-davis-problems;Cómo construye Dynatrace un Problem;requiere;1;;"Contenido evaluable en el examen; ya tiene preguntas revisadas y respaldadas por una frase literal del apartado (auditoría oct 2026).";2026-10-02
observability;kubernetes-db;Kubernetes, bases de datos e infraestructura;requiere;1;;Es sobre todo método, pero enumera los niveles de objeto Kubernetes (cluster, namespace, workload, pod, container, node), que coinciden con la organización documentada del Explorer.;2026-10-02
observability;oneagent-capabilities;Capacidades soportadas por OneAgent;requiere;1;;"Contenido evaluable en el examen; ya tiene preguntas revisadas y respaldadas por una frase literal del apartado (auditoría oct 2026).";2026-10-02
observability;oneagent-architecture;Cómo funciona internamente;requiere;1;;"Contenido evaluable en el examen; ya tiene preguntas revisadas y respaldadas por una frase literal del apartado (auditoría oct 2026).";2026-10-02
observability;monitoring-modes;Modos de monitorización: Full-Stack, Infrastructure y Discovery;requiere;1;;"Contenido evaluable en el examen; ya tiene preguntas revisadas y respaldadas por una frase literal del apartado (auditoría oct 2026).";2026-10-02
observability;sup-mode-licensing;Cómo consume licencia cada modo en DPS;requiere;1;;"Contenido evaluable en el examen; ya tiene preguntas revisadas y respaldadas por una frase literal del apartado (auditoría oct 2026).";2026-10-02
observability;enable-modes;Cómo activar y cambiar modos;requiere;1;;"Contenido evaluable en el examen; ya tiene preguntas revisadas y respaldadas por una frase literal del apartado (auditoría oct 2026).";2026-10-02
observability;injection;Auto-injection, code-module injection y reinicios;requiere;1;;"Contenido evaluable en el examen; ya tiene preguntas revisadas y respaldadas por una frase literal del apartado (auditoría oct 2026).";2026-10-02
observability;oneagent-troubleshooting;Troubleshooting de OneAgent;requiere;1;;Aporta el dato documentado de que un OneAgent disabled mantiene activo el core de comunicación para enviar estado y preguntar si debe reanudar.;2026-10-02
observability;deep-oneagent-capabilities;OneAgent: qué puede observar y desde dónde;requiere;1;;Enumera el alcance de server-side service monitoring (web services, web containers, database requests, custom services), no preguntado en el bloque.;2026-10-02
observability;deep-oneagent-architecture;Cómo funciona OneAgent internamente y CLI oneagentctl;requiere;1;;"Contenido evaluable en el examen; ya tiene preguntas revisadas y respaldadas por una frase literal del apartado (auditoría oct 2026).";2026-10-02
observability;deep-oneagent-modes;Full Stack, Infrastructure y Discovery;requiere;1;;Su matriz incluye la fila Process injection (GA / opt-out / —), que ninguna pregunta evalúa como tal.;2026-10-02
observability;deep-oneagent-change-control;Activación, cambio de modo e inyección;requiere;1;;"Contenido evaluable en el examen; ya tiene preguntas revisadas y respaldadas por una frase literal del apartado (auditoría oct 2026).";2026-10-02
observability;sup-oneagentctl;oneagentctl: parámetros y reinicios que exige cada cambio;requiere;1;;"Contenido evaluable en el examen; ya tiene preguntas revisadas y respaldadas por una frase literal del apartado (auditoría oct 2026).";2026-10-02
observability;deep-infrastructure-connectors;Bases de datos, Kubernetes y ActiveGate 1.327+;requiere;1;;"Aporta el papel complementario de OneAgent en la app Databases junto a la extensión en ActiveGate; prerrequisitos y ActiveGate 1.327 ya están preguntados en otros apartados.";2026-10-02
observability;sup-dynakube-modes;Kubernetes con Dynatrace Operator: modos de DynaKube;requiere;1;;"Contenido evaluable en el examen; ya tiene preguntas revisadas y respaldadas por una frase literal del apartado (auditoría oct 2026).";2026-10-02
observability;sup-kubernetes-app;La app Kubernetes y Enhanced Object Visibility;requiere;1;;"Contenido evaluable en el examen; ya tiene preguntas revisadas y respaldadas por una frase literal del apartado (auditoría oct 2026).";2026-10-02
observability;sup-infra-apps;Databases, Infrastructure & Operations y Discovery & Coverage;requiere;1;;"Contenido evaluable en el examen; ya tiene preguntas revisadas y respaldadas por una frase literal del apartado (auditoría oct 2026).";2026-10-02
observability;deep-observability-troubleshooting;Árbol de troubleshooting de OneAgent;requiere;1;;La rama de logs ausentes (descubrimiento, regla de ingestión) es verificable en la documentación de ingesta de logs con OneAgent.;2026-10-02
observability;precision-facts;Hechos de precisión;requiere;3;;Ficha de precisión: se preguntan hechos aún no evaluados (valor --set-monitoring-mode=discovery, efecto de desactivar auto-injection sobre AppSec, code-module injection desactivada por defecto en Discovery).;2026-10-02
notebooks;notebook;Notebook como laboratorio documentado;cubierto;0;choose;"Su único contenido verificable (Notebook para explorar, investigar incidentes y documentar el razonamiento) es el mismo que el apartado choose, evaluado por R-NOT-08 y R-NOT-16; el resto es método de narrativa.";2026-10-02
notebooks;dashboard;Dashboard como vista operativa;requiere;1;;Contiene el propósito oficial del Dashboard (monitorización recurrente, estado, comunicación), que no tenía pregunta propia (choose solo pregunta por usos de Notebook).;2026-10-02
notebooks;choose;Elegir herramienta;requiere;1;;"Contenido evaluable en el examen; ya tiene preguntas revisadas y respaldadas por una frase literal del apartado (auditoría oct 2026).";2026-10-02
notebooks;quality;Calidad y compartición;requiere;2;;Advierte de métricas muestreadas: samplingRatio de fetch devuelve 1/N registros y da agregados imprecisos, con valores admitidos verificables.;2026-10-02
notebooks;notebook-cells;Celdas, narrativa y reproducibilidad;requiere;1;;Exige que la celda DQL conserve el periodo para ser reproducible: verificable con el parámetro timeframe absoluto de fetch y el selector deshabilitado.;2026-10-02
notebooks;visualizations;Visualizaciones y elección de salida;requiere;2;;Pide comprobar intervalos y valores ausentes de una serie: makeTimeseries (interval/bins excluyentes, bins 120 por defecto, null y default) es material verificable.;2026-10-02
notebooks;sup-annotations;Anotaciones sobre gráficos;requiere;1;;"Contenido evaluable en el examen; ya tiene preguntas revisadas y respaldadas por una frase literal del apartado (auditoría oct 2026).";2026-10-02
notebooks;sup-visualization-types;Tipos de visualización y cuándo usarlos;requiere;1;;"Contenido evaluable en el examen; ya tiene preguntas revisadas y respaldadas por una frase literal del apartado (auditoría oct 2026).";2026-10-02
notebooks;variables-sharing;Variables, filtros y contexto compartido;requiere;2;;Trata cómo los controles afectan a cada tile y los estados vacíos: verificable con la limitación de variables en tiles Explore y el parámetro nonempty.;2026-10-02
notebooks;dashboard-operations;Dashboard operativo y drill-down;requiere;1;;Advierte de datos obsoletos en un panel: verificable con el refresh rate Off por defecto al abrir un Dashboard por primera vez.;2026-10-02
notebooks;sup-navigation-links;Open with, enlaces y navegación con contexto;requiere;1;;"Contenido evaluable en el examen; ya tiene preguntas revisadas y respaldadas por una frase literal del apartado (auditoría oct 2026).";2026-10-02
notebooks;sharing-governance;Compartición, permisos y gobierno;requiere;1;;Afirma que leer no implica poder modificar: verificable con los permisos IAM document:documents:read/write de Notebooks.;2026-10-02
notebooks;review-readiness;Revisión antes de confiar en una vista;no-requiere;0;;"Rutina de revisión adversarial y lista de preguntas de autoevaluación; no contiene ningún dato de producto verificable.";2026-10-02
notebooks;deep-notebook-sections;Anatomía de un Notebook y tipos de secciones;requiere;3;;"Datos verificables sin pregunta: Notebooks no documenta variables, sección Prompt (lenguaje natural a DQL) y autocompletado de Query (Ctrl+Space). Se corrigió ""fórmulas"" en Markdown (no documentado).";2026-10-02
notebooks;sup-notebook-section-actions;Secciones de Notebook: acciones, resultados y análisis;requiere;1;;"Contenido evaluable en el examen; ya tiene preguntas revisadas y respaldadas por una frase literal del apartado (auditoría oct 2026).";2026-10-02
notebooks;deep-dashboard-model;Anatomía de un Dashboard, tiles y variables;requiere;1;;"La tabla indica que un Query tile requiere permisos de lectura sobre las tablas: verificable con storage:logs:read y storage:buckets:read; el resto ya está cubierto en sup-dashboard-*.";2026-10-02
notebooks;sup-dashboard-tiles-timeframe;Dashboards: tiles, timeframe, refresco y segments;requiere;1;;"Contenido evaluable en el examen; ya tiene preguntas revisadas y respaldadas por una frase literal del apartado (auditoría oct 2026).";2026-10-02
notebooks;sup-dashboard-variables;Variables de Dashboard: tipos, claves y uso;requiere;1;;"Contenido evaluable en el examen; ya tiene preguntas revisadas y respaldadas por una frase literal del apartado (auditoría oct 2026).";2026-10-02
notebooks;sup-dashboard-json;El documento JSON de un Dashboard;requiere;1;;"Contenido evaluable en el examen; ya tiene preguntas revisadas y respaldadas por una frase literal del apartado (auditoría oct 2026).";2026-10-02
notebooks;deep-document-sharing;Sharing, ownership y acceso a datos;requiere;1;;Aporta el diagnóstico separado de permiso de documento y permiso de datos, que no evalúa sup-sharing-methods.;2026-10-02
notebooks;sup-sharing-methods;Métodos de sharing y niveles Can view y Can edit;requiere;1;;"Contenido evaluable en el examen; ya tiene preguntas revisadas y respaldadas por una frase literal del apartado (auditoría oct 2026).";2026-10-02
notebooks;deep-analysis-recipe;Receta de análisis reproducible;requiere;1;;Propone empezar con una consulta pequeña y agregar después: verificable con la best practice de no usar limit antes de agregar.;2026-10-02
notebooks;precision-facts;Hechos de precisión;requiere;3;;Ficha de precisión: faltaban preguntas sobre placeholders de custom links, alcance del Share link fuera del entorno y separación de permisos read/write/delete.;2026-10-02
business-dem;business-events;Business Events y datos de negocio;requiere;2;;Define cuándo un event es Business Event y enumera características business-grade (topology-aware, accesible…) no preguntadas en el bloque.;2026-10-02
business-dem;capture-process;Captura y procesamiento;requiere;2;;Lista fuentes de captura (OneAgent for Mobile, OpenKit) y el riesgo de reglas de procesamiento mal acotadas (Drop record), datos verificables no preguntados.;2026-10-02
business-dem;rum-synthetic;RUM frente a Synthetic Monitoring;requiere;1;;Aporta la interpretación de resultados contradictorios RUM/Synthetic (un monitor no representa a todos los usuarios), distinta de R-BIZ-10 y G-072.;2026-10-02
business-dem;journeys;Journeys, propiedades y análisis;requiere;2;;Contiene la regla de no sustituir un KPI completo por una métrica muestreada y dónde se consultan bizevents con DQL.;2026-10-02
business-dem;event-model;Modelo de Business Event;requiere;1;;"Contenido evaluable en el examen; ya tiene preguntas revisadas y respaldadas por una frase literal del apartado (auditoría oct 2026).";2026-10-02
business-dem;user-events;Business Event frente a user event;requiere;1;;"Distingue user event (interacción) de Business Event (hecho de negocio) para definir KPIs; evaluable con escenario.";2026-10-02
business-dem;rum-sessions;RUM, sessions y final de sesión;requiere;1;;30 min, 6 h y dtrum.endSession() ya se preguntan en sup-rum-sessions-web, pero el cierre del navegador como condición de fin no estaba preguntado.;2026-10-02
business-dem;dem-components;DEM: RUM, Synthetic y journeys;requiere;1;;"Contenido evaluable en el examen; ya tiene preguntas revisadas y respaldadas por una frase literal del apartado (auditoría oct 2026).";2026-10-02
business-dem;business-quality;Completitud, cardinalidad y privacidad;requiere;1;;El efecto del masking (antes de almacenar) sobre el análisis es un dato verificable distinto de G-078.;2026-10-02
business-dem;sup-bizevents-governance;Business-grade data, metadatos, buckets y privacidad;requiere;1;;"Contenido evaluable en el examen; ya tiene preguntas revisadas y respaldadas por una frase literal del apartado (auditoría oct 2026).";2026-10-02
business-dem;business-troubleshooting;Diagnosticar un KPI de negocio vacío;requiere;2;;Diagnóstico de KPI vacío por record type (fetch bizevents) y por permisos (storage:bizevents:read), no preguntados.;2026-10-02
business-dem;deep-business-event-model;Business Events y business-grade data;requiere;2;;Incluye la característica long-term (hasta 10 años, corregida en la guía) y la asignación de seguridad en el procesamiento (stage Permission).;2026-10-02
business-dem;deep-business-capture;Captura, ingestión y enriquecimiento;requiere;2;;El enriquecimiento depende del origen: geolocalización en RUM frente a API externa y campos de traza/entidad en OneAgent, no preguntados (R-BIZ-20 solo cubre RUM).;2026-10-02
business-dem;sup-bizevents-api;Business events API y Workflows;requiere;1;;"Contenido evaluable en el examen; ya tiene preguntas revisadas y respaldadas por una frase literal del apartado (auditoría oct 2026).";2026-10-02
business-dem;sup-bizevents-capture-sources;Capture rules, RUM y OpenPipeline como fuentes de Business Events;requiere;1;;"Contenido evaluable en el examen; ya tiene preguntas revisadas y respaldadas por una frase literal del apartado (auditoría oct 2026).";2026-10-02
business-dem;deep-rum-session-semantics;RUM en Grail: tablas user.events vs user.sessions y lifecycle;requiere;2;;El campo end_reason de user.sessions y sus valores (timeout, duration, synthetic_execution_finished) no estaban preguntados.;2026-10-02
business-dem;sup-rum-data-model;Modelo de datos RUM: user events, views y user actions;requiere;1;;"Contenido evaluable en el examen; ya tiene preguntas revisadas y respaldadas por una frase literal del apartado (auditoría oct 2026).";2026-10-02
business-dem;sup-rum-sessions-web;User sessions web: cierre, bounce, duración e identificadores;requiere;1;;"Contenido evaluable en el examen; ya tiene preguntas revisadas y respaldadas por una frase literal del apartado (auditoría oct 2026).";2026-10-02
business-dem;sup-rum-classic;RUM Classic: tipos de user action, Apdex y key user actions;requiere;1;;"Contenido evaluable en el examen; ya tiene preguntas revisadas y respaldadas por una frase literal del apartado (auditoría oct 2026).";2026-10-02
business-dem;deep-synthetic-semantics;Synthetic Monitoring y scripting con api.fail();requiere;1;;Efecto de api.fail() sobre paso y ejecución evaluado con un script (D-014 solo pregunta qué llamada usar).;2026-10-02
business-dem;sup-synthetic-monitors;Tipos de monitor, locations y control de ejecuciones;requiere;1;;"Contenido evaluable en el examen; ya tiene preguntas revisadas y respaldadas por una frase literal del apartado (auditoría oct 2026).";2026-10-02
business-dem;sup-clickpath-steps;Pasos del clickpath, esperas, validaciones y JavaScript API;requiere;1;;"Contenido evaluable en el examen; ya tiene preguntas revisadas y respaldadas por una frase literal del apartado (auditoría oct 2026).";2026-10-02
business-dem;deep-business-journeys;Journeys, Business Flow y KPIs;requiere;2;;Duplicados frente a ausencia de sampling y cálculo de conversión con eventos de inicio/éxito: mini-prácticas DQL evaluables.;2026-10-02
business-dem;sup-business-flow;Business Flow: correlation ID, KPI y entidad BIZ_FLOW;requiere;1;;"Contenido evaluable en el examen; ya tiene preguntas revisadas y respaldadas por una frase literal del apartado (auditoría oct 2026).";2026-10-02
business-dem;precision-facts;Hechos de precisión;requiere;3;;"Ficha de hechos de examen; se preguntan dataflow capture→process→analyze, tipos de monitor Synthetic (HTTP/browser/NAM) y obligatoriedad de event.provider/event.type, no preguntados antes.";2026-10-02
data-analysis;data-types;Qué tipo de dato estás mirando;requiere;1;;"Contenido evaluable en el examen; ya tiene preguntas revisadas y respaldadas por una frase literal del apartado (auditoría oct 2026).";2026-10-02
data-analysis;timeframes;Timeframe, dimensiones y granularidad;requiere;2;;Contiene datos evaluables sobre cardinalidad de dimensiones (fragmentar la señal frente a ocultar la población afectada) y el efecto de agregación del intervalo derivado del timeframe, no preguntados en el bloque.;2026-10-02
data-analysis;correlation;Observación frente a causalidad;requiere;1;;"Contenido evaluable en el examen; ya tiene preguntas revisadas y respaldadas por una frase literal del apartado (auditoría oct 2026).";2026-10-02
data-analysis;reporting;Reportes, KPIs y comunicación;requiere;1;;"Contenido evaluable en el examen; ya tiene preguntas revisadas y respaldadas por una frase literal del apartado (auditoría oct 2026).";2026-10-02
data-analysis;retention-model;Retención, datastore y granularidad;requiere;2;;"Afirma que la retención depende del record type y que una retención larga no garantiza detalle fino; se evalúa con el tramo de 1 día de Metrics Classic (400 días-5 años) y una comparación de retenciones entre tipos de dato.";2026-10-02
data-analysis;metric-retention;Métricas: Grail frente a Classic;requiere;1;;"Contenido evaluable en el examen; ya tiene preguntas revisadas y respaldadas por una frase literal del apartado (auditoría oct 2026).";2026-10-02
data-analysis;key-requests;Key Requests y niveles históricos;requiere;1;;"Contenido evaluable en el examen; ya tiene preguntas revisadas y respaldadas por una frase literal del apartado (auditoría oct 2026).";2026-10-02
data-analysis;sessions-problems;Sesiones, user events, Problems y Davis events;requiere;1;;"Contenido evaluable en el examen; ya tiene preguntas revisadas y respaldadas por una frase literal del apartado (auditoría oct 2026).";2026-10-02
data-analysis;sup-user-behavior;Comportamiento de usuario y sesiones en RUM Classic;requiere;1;;"Contenido evaluable en el examen; ya tiene preguntas revisadas y respaldadas por una frase literal del apartado (auditoría oct 2026).";2026-10-02
data-analysis;sampling-completeness;Muestreo, completitud y sesgo;requiere;1;;"Contenido evaluable en el examen; ya tiene preguntas revisadas y respaldadas por una frase literal del apartado (auditoría oct 2026).";2026-10-02
data-analysis;analysis-workflow;Flujo de análisis avanzado;requiere;1;;Mayormente metodología, pero afirma que ampliar el timeframe puede mezclar resoluciones o superar la retención, lo que es verificable con los tramos de Metrics Classic y la retención de default_spans.;2026-10-02
data-analysis;deep-signal-semantics;Métricas, logs, trazas, eventos y sesiones;requiere;3;;"Define la semántica de cada señal: parsing de logs, traces formadas por spans relacionadas por trace context y la diferencia entre Davis event y Problem; ninguno estaba preguntado.";2026-10-02
data-analysis;deep-retention-reference;Retención en Grail, buckets del sistema y permisos de retención;requiere;1;;"Contenido evaluable en el examen; ya tiene preguntas revisadas y respaldadas por una frase literal del apartado (auditoría oct 2026).";2026-10-02
data-analysis;sup-grail-buckets;Buckets, tablas y vistas en Grail;requiere;1;;"Contenido evaluable en el examen; ya tiene preguntas revisadas y respaldadas por una frase literal del apartado (auditoría oct 2026).";2026-10-02
data-analysis;sup-bucket-lifecycle;Permisos y ciclo de vida de un bucket;requiere;1;;"Contenido evaluable en el examen; ya tiene preguntas revisadas y respaldadas por una frase literal del apartado (auditoría oct 2026).";2026-10-02
data-analysis;deep-metric-design;Métricas, series temporales y timeseries default:0;requiere;1;;D-017/D-018 evalúan qué hace default:0, pero no su sintaxis (parámetro de la función de agregación y no del comando timeseries), que es un dato distinto y verificable.;2026-10-02
data-analysis;sup-timeseries-params;Parámetros de timeseries que cambian el resultado;requiere;1;;"Contenido evaluable en el examen; ya tiene preguntas revisadas y respaldadas por una frase literal del apartado (auditoría oct 2026).";2026-10-02
data-analysis;sup-metrics-exploration;Explorar métricas frente a graficarlas;requiere;1;;"Contenido evaluable en el examen; ya tiene preguntas revisadas y respaldadas por una frase literal del apartado (auditoría oct 2026).";2026-10-02
data-analysis;sup-metric-limits;Límites, cardinalidad y coste de las métricas;requiere;1;;"Contenido evaluable en el examen; ya tiene preguntas revisadas y respaldadas por una frase literal del apartado (auditoría oct 2026).";2026-10-02
data-analysis;deep-reporting-analysis;Reporting, exportación y reproducibilidad;requiere;1;;"Contenido evaluable en el examen; ya tiene preguntas revisadas y respaldadas por una frase literal del apartado (auditoría oct 2026).";2026-10-02
data-analysis;deep-baselines-impact;Baselines, anomalías e impacto;requiere;3;;Contiene datos verificables sobre eventos informativos que no abren Problems, qué aporta el impact analysis (entry points, SLOs, usuarios) y el uso de la topología para la root cause.;2026-10-02
data-analysis;precision-facts;Hechos de precisión;requiere;4;;"Ficha de cifras de examen; faltaban por preguntar la ampliación de métricas de Grail a 10 años, los niveles de retención de key requests, los 30 días de support archives de OneAgent y la diferencia 1 año/3 años de security events.";2026-10-02
dql;pipeline;Modelo de pipeline;requiere;2;;Contiene datos verificables: semántica de cada comando del pipeline de ejemplo y que el orden de los comandos cambia resultado y coste (dql-guide).;2026-10-02
dql;commands;Comandos fundamentales;requiere;2;;Tabla comando-produce-uso evaluable: qué forma de salida da summarize, filter, fields, sort y limit.;2026-10-02
dql;aggregation;summarize frente a timeseries;requiere;2;;"Distingue la intención de summarize y timeseries y muestra summarize con bin(); evaluable como elección de comando y forma de salida.";2026-10-02
dql;types;Tipos, arrays y records;requiere;2;;Datos evaluables: record anidado frente a string JSON y la inspección de esquema con limit/fields antes de agregar.;2026-10-02
dql;dql-troubleshooting;Diagnóstico de consultas;requiere;2;;Secuencia de diagnóstico de un resultado vacío y causas fuera de DQL (ingestión, procesamiento, autorización), evaluables en escenarios.;2026-10-02
dql;metric-commands;Métricas: comando metrics frente a timeseries;requiere;2;;Aporta datos no preguntados: metrics no devuelve timestamps ni valores (no sirve para charting) y la categoría Metric commands = timeseries + metrics.;2026-10-02
dql;parse-fields;Parsing, fields y datos estructurados;requiere;2;;Orden parse/filter y cambio de cardinalidad al expandir: hechos verificables y preguntables.;2026-10-02
dql;functions-null;Funciones, null y agregaciones;requiere;1;;count() cuenta registros, no usuarios/sesiones únicos: dato verificable distinto de las preguntas existentes de agregación.;2026-10-02
dql;permissions-performance;Permisos, rendimiento y coste;requiere;2;;Niveles de permisos de Grail (bucket, tabla, record con dt.security_context, field): datos de examen.;2026-10-02
dql;deep-dql-pipeline;Modelo mental de DQL y filtros temporales explícitos;requiere;1;;"Contenido evaluable en el examen; ya tiene preguntas revisadas y respaldadas por una frase literal del apartado (auditoría oct 2026).";2026-10-02
dql;sup-dql-sources;Comandos de inicio, data objects y permisos;requiere;1;;"Contenido evaluable en el examen; ya tiene preguntas revisadas y respaldadas por una frase literal del apartado (auditoría oct 2026).";2026-10-02
dql;sup-dql-filtering;Filtros, búsqueda y lógica con null;requiere;1;;"Contenido evaluable en el examen; ya tiene preguntas revisadas y respaldadas por una frase literal del apartado (auditoría oct 2026).";2026-10-02
dql;deep-dql-command-contract;Contrato de los comandos esenciales y arrays en DQL;requiere;3;;Funciones de arrays (arrayIndexOf -1, arraySize, expand con alias) y el error de filtrar tras fields: varios datos verificables.;2026-10-02
dql;sup-dql-fields;Selección y modificación de campos, dedup y sort;requiere;1;;"Contenido evaluable en el examen; ya tiene preguntas revisadas y respaldadas por una frase literal del apartado (auditoría oct 2026).";2026-10-02
dql;sup-dql-structure-parse;expand, parse y jsonExtract;requiere;1;;"Contenido evaluable en el examen; ya tiene preguntas revisadas y respaldadas por una frase literal del apartado (auditoría oct 2026).";2026-10-02
dql;sup-dql-join;join, lookup, joinNested y append;requiere;1;;"Contenido evaluable en el examen; ya tiene preguntas revisadas y respaldadas por una frase literal del apartado (auditoría oct 2026).";2026-10-02
dql;sup-dql-smartscape;Consultas Smartscape: smartscapeNodes, smartscapeEdges y traverse;requiere;1;;"Contenido evaluable en el examen; ya tiene preguntas revisadas y respaldadas por una frase literal del apartado (auditoría oct 2026).";2026-10-02
dql;deep-dql-aggregation;`summarize` frente a `timeseries`;requiere;1;;"Contenido evaluable en el examen; ya tiene preguntas revisadas y respaldadas por una frase literal del apartado (auditoría oct 2026).";2026-10-02
dql;sup-dql-aggregation-functions;Funciones de agregación y agrupación temporal;requiere;1;;"Contenido evaluable en el examen; ya tiene preguntas revisadas y respaldadas por una frase literal del apartado (auditoría oct 2026).";2026-10-02
dql;sup-dql-timeseries;timeseries en detalle y el comando metrics;requiere;1;;"Contenido evaluable en el examen; ya tiene preguntas revisadas y respaldadas por una frase literal del apartado (auditoría oct 2026).";2026-10-02
dql;deep-dql-types-records;Tipos, arrays y records;requiere;2;;Tipos complejos (array, record) y acceso por clave/índice base 0: datos de la referencia de data types.;2026-10-02
dql;sup-dql-types-conversion;Acceso a records, identificadores y conversiones;requiere;1;;"Contenido evaluable en el examen; ya tiene preguntas revisadas y respaldadas por una frase literal del apartado (auditoría oct 2026).";2026-10-02
dql;deep-dql-dpl;DQL y DPL no son el mismo lenguaje;requiere;1;;"Contenido evaluable en el examen; ya tiene preguntas revisadas y respaldadas por una frase literal del apartado (auditoría oct 2026).";2026-10-02
dql;deep-dql-performance;Buenas prácticas, coste y límites;requiere;2;;Buenas prácticas verificables: evitar join/lookup para filtrar y que scanLimitGBytes/timeframe controlan volumen, no acceso.;2026-10-02
dql;sup-dql-best-practices;Buenas prácticas oficiales de DQL;requiere;1;;"Contenido evaluable en el examen; ya tiene preguntas revisadas y respaldadas por una frase literal del apartado (auditoría oct 2026).";2026-10-02
dql;precision-facts;Hechos de precisión;requiere;4;;Ficha de precisión: se preguntan hechos aún no evaluados (data no ingesta, salida de summarize, permisos de metrics, timeframe de la UI en fetch).;2026-10-02
security;security-model;Qué es una vulnerabilidad en contexto;requiere;1;;"Afirma que vulnerabilidad, security event, Davis event y Problem son objetos distintos; verificable (las vulnerabilidades viven en security.events) y no preguntado.";2026-10-02
security;code-thirdparty;Código propio frente a terceros;requiere;2;;Tabla de remediación por tipo de componente (código propio frente a dependencia transitiva) que ninguna pregunta evalúa.;2026-10-02
security;advisor-investigations;Security Advisor e Investigations;requiere;1;;Aporta el criterio de orden de Davis Security Advisor (severidad según el DSS), no preguntado en sup-security-advisor.;2026-10-02
security;security-permissions;Permisos y ciclo de remediación;requiere;1;;"Distingue leer hallazgos de cambiar configuración; verificable con las políticas Read Security Events (solo lectura) y settings:objects:write (Admin User).";2026-10-02
security;rva;Runtime Vulnerability Analytics;requiere;1;;"Condiciones de la señal RVA (code module inyectado + componente cargado en el proceso) frente a presencia en disco/manifiesto; combinación no evaluada como tal.";2026-10-02
security;appsec-modes;Application Security y monitoring modes;cubierto;0;sup-rva-setup;"Su contenido evaluable (Discovery requiere code-module injection y reinicio; profundidad según modo) es el de sup-rva-setup, ya evaluado por R-SEC-13, R-SEC-14 y G-135.";2026-10-02
security;third-party-runtime;Third-party components y librerías cargadas;cubierto;0;sup-third-party-evaluation;Inventario frente a librería cargada y verificación en el runtime desplegado ya evaluados en sup-third-party-evaluation (A-051, FS-008, FS-009).;2026-10-02
security;security-evidence;Límites, fuentes y evidencia;requiere;1;;Contrasta el papel de Davis Security Advisor (recomienda, no aplica) e Investigations (evidencia con DQL/DPL, no calcula DSS).;2026-10-02
security;deep-security-capabilities;Mapa de Application Security y consulta de security.events;requiere;1;;"Contenido evaluable en el examen; ya tiene preguntas revisadas y respaldadas por una frase literal del apartado (auditoría oct 2026).";2026-10-02
security;sup-security-events-grail;security.events en Grail: tipos de evento, buckets y permisos;requiere;1;;"Contenido evaluable en el examen; ya tiene preguntas revisadas y respaldadas por una frase literal del apartado (auditoría oct 2026).";2026-10-02
security;deep-third-party-code-level;Third-party vs Code-level vulnerabilities;requiere;1;;"Contenido evaluable en el examen; ya tiene preguntas revisadas y respaldadas por una frase literal del apartado (auditoría oct 2026).";2026-10-02
security;sup-third-party-evaluation;Cómo se evalúan las third-party vulnerabilities;requiere;1;;"Contenido evaluable en el examen; ya tiene preguntas revisadas y respaldadas por una frase literal del apartado (auditoría oct 2026).";2026-10-02
security;sup-code-level-details;Code-level vulnerabilities: tipos, tecnologías y detalle;requiere;1;;"Contenido evaluable en el examen; ya tiene preguntas revisadas y respaldadas por una frase literal del apartado (auditoría oct 2026).";2026-10-02
security;sup-monitoring-rules;Monitoring rules de third-party y de code-level;requiere;1;;"Contenido evaluable en el examen; ya tiene preguntas revisadas y respaldadas por una frase literal del apartado (auditoría oct 2026).";2026-10-02
security;deep-security-prioritization;Priorización contextual con Dynatrace Security Score (DSS);requiere;1;;"Contenido evaluable en el examen; ya tiene preguntas revisadas y respaldadas por una frase literal del apartado (auditoría oct 2026).";2026-10-02
security;sup-dss-assessment;DSS y Dynatrace Assessment en detalle;requiere;1;;"Contenido evaluable en el examen; ya tiene preguntas revisadas y respaldadas por una frase literal del apartado (auditoría oct 2026).";2026-10-02
security;sup-vulnerabilities-app;La app Vulnerabilities: entidades, mute y priorización;requiere;1;;"Contenido evaluable en el examen; ya tiene preguntas revisadas y respaldadas por una frase literal del apartado (auditoría oct 2026).";2026-10-02
security;sup-security-advisor;Davis Security Advisor y APIs de seguridad;requiere;1;;"Contenido evaluable en el examen; ya tiene preguntas revisadas y respaldadas por una frase literal del apartado (auditoría oct 2026).";2026-10-02
security;deep-security-modes;Application Security y modos de OneAgent;requiere;3;;Datos verificables nuevos: AppSec opt-in en los tres modos, code-module injection deshabilitada por defecto en Discovery y necesaria para AppSec y Live Debugger, process injection de Infrastructure solo con runtime metrics.;2026-10-02
security;sup-rva-setup;Prerrequisitos de Runtime Vulnerability Analytics por tecnología y modo;requiere;1;;"Contenido evaluable en el examen; ya tiene preguntas revisadas y respaldadas por una frase literal del apartado (auditoría oct 2026).";2026-10-02
security;sup-rap;Runtime Application Protection;requiere;1;;"Contenido evaluable en el examen; ya tiene preguntas revisadas y respaldadas por una frase literal del apartado (auditoría oct 2026).";2026-10-02
security;deep-investigations;Investigations como flujo de evidencia;requiere;2;;"Límites documentados (100 nodos, 1 GB por investigación; cifras añadidas por corrección) y prerrequisito de log ingestion, no preguntados.";2026-10-02
security;sup-investigations-details;Investigations: query tree, evidencia, tiempo y enriquecimiento;requiere;1;;"Contenido evaluable en el examen; ya tiene preguntas revisadas y respaldadas por una frase literal del apartado (auditoría oct 2026).";2026-10-02
security;precision-facts;Hechos de precisión;requiere;3;;Ficha de precisión: se preguntan Muted (Open), la app Classic Third-Party Vulnerabilities deprecada y el bucket/retención de security events de terceros, no evaluados aún.;2026-10-02
automation;workflow-model;Anatomía de un Workflow;requiere;1;;"Contenido evaluable en el examen; ya tiene preguntas revisadas y respaldadas por una frase literal del apartado (auditoría oct 2026).";2026-10-02
automation;triggers;Triggers: on-demand, event y schedule;requiere;1;;"Contenido evaluable en el examen; ya tiene preguntas revisadas y respaldadas por una frase literal del apartado (auditoría oct 2026).";2026-10-02
automation;sup-schedule-triggers;Schedule triggers: Fixed time, Time interval y cron;requiere;1;;"Contenido evaluable en el examen; ya tiene preguntas revisadas y respaldadas por una frase literal del apartado (auditoría oct 2026).";2026-10-02
automation;actor-permissions;Actor, owner y permisos;requiere;3;;Contiene datos verificables propios: el actor no puede superar los permisos disponibles, el owner controla inicialmente la visibilidad (frente al actor) y cada action puede requerir permisos específicos del destino.;2026-10-02
automation;safe-automation;Automatización segura;requiere;1;;"Contenido evaluable en el examen; ya tiene preguntas revisadas y respaldadas por una frase literal del apartado (auditoría oct 2026).";2026-10-02
automation;simple-workflow;Simple workflow y actions;requiere;1;;"Contenido evaluable en el examen; ya tiene preguntas revisadas y respaldadas por una frase literal del apartado (auditoría oct 2026).";2026-10-02
automation;event-trigger-precision;Event trigger: coincidencia y límites;requiere;1;;"Contenido evaluable en el examen; ya tiene preguntas revisadas y respaldadas por una frase literal del apartado (auditoría oct 2026).";2026-10-02
automation;sup-problem-davis-triggers;Problem trigger y Davis event trigger;requiere;1;;"Contenido evaluable en el examen; ya tiene preguntas revisadas y respaldadas por una frase literal del apartado (auditoría oct 2026).";2026-10-02
automation;execution-limits;Resultados, límites y observabilidad;requiere;2;;Límite del action result (6 MB menos logs) y diseño de outputs mínimos frente a volumen masivo son datos evaluables no preguntados con ese enfoque.;2026-10-02
automation;debug-workflow;Depurar una ejecución;requiere;2;;Diagnóstico de no-arranque (live vs draft, trigger activado) y corrección de 403 con mínimo privilegio son comprobaciones verificables y examinables.;2026-10-02
automation;deep-workflow-anatomy;Anatomía de un Workflow y tipos de acciones;requiere;2;;La tabla aporta restricciones no preguntadas: Run JavaScript no admite expresiones en su input y HTTP Request exige destinos autorizados (allowlist de External requests).;2026-10-02
automation;sup-dql-js-actions;Execute DQL Query y Run JavaScript en detalle;requiere;1;;"Contenido evaluable en el examen; ya tiene preguntas revisadas y respaldadas por una frase literal del apartado (auditoría oct 2026).";2026-10-02
automation;sup-http-run-workflow;HTTP Request y Run workflow;requiere;1;;"Contenido evaluable en el examen; ya tiene preguntas revisadas y respaldadas por una frase literal del apartado (auditoría oct 2026).";2026-10-02
automation;deep-actor-permissions;Actor, Service Users y permisos IAM en Workflows;requiere;1;;"Contenido evaluable en el examen; ya tiene preguntas revisadas y respaldadas por una frase literal del apartado (auditoría oct 2026).";2026-10-02
automation;sup-workflow-permissions;Permisos de Workflows, visibilidad y autorización;requiere;1;;"Contenido evaluable en el examen; ya tiene preguntas revisadas y respaldadas por una frase literal del apartado (auditoría oct 2026).";2026-10-02
automation;deep-execution-states;Ejecución, tasks, retries y loops;requiere;1;;"Contenido evaluable en el examen; ya tiene preguntas revisadas y respaldadas por una frase literal del apartado (auditoría oct 2026).";2026-10-02
automation;sup-task-options;Task conditions y task options;requiere;1;;"Contenido evaluable en el examen; ya tiene preguntas revisadas y respaldadas por una frase literal del apartado (auditoría oct 2026).";2026-10-02
automation;sup-execution-control;Cancelar, repetir y conservar ejecuciones;requiere;1;;"Contenido evaluable en el examen; ya tiene preguntas revisadas y respaldadas por una frase literal del apartado (auditoría oct 2026).";2026-10-02
automation;deep-jinja-dql;Jinja, DQL y datos entre tasks;requiere;1;;"Contenido evaluable en el examen; ya tiene preguntas revisadas y respaldadas por una frase literal del apartado (auditoría oct 2026).";2026-10-02
automation;deep-workflow-limits;Event Triggers: límites de 1.000 caracteres y Simple Workflows;requiere;2;;Aunque solapa con otros apartados, aporta el ámbito por workflow del límite de 1.000 ejecuciones/hora y el límite de 10 MB del workflow result, evaluables de forma distinta.;2026-10-02
automation;precision-facts;Hechos de precisión;requiere;3;;Ficha de precisión: se preguntan los hechos aún no cubiertos (Davis event trigger para alertas individuales, write para eliminar workflows, reparto DQL/JavaScript).;2026-10-02
ingestion;data-path;El camino completo del dato;requiere;2;;"Contiene datos verificables: una respuesta de aceptación (204) no prueba que el dato sea consultable; drop en pipeline y permisos de lectura explican queries vacías.";2026-10-02
ingestion;signals;Logs, metrics y traces;requiere;1;;"Afirma que los campos de logs deben parsearse para consultarse; verificable con la etapa Processing de OpenPipeline (parsing en campos).";2026-10-02
ingestion;openpipeline;OpenPipeline y reglas;requiere;2;;Define los configuration scopes de OpenPipeline como tipos de datos con sus propias ingest sources, rutas y pipelines, distinto de los scopes de log ingest rules.;2026-10-02
ingestion;cost-quality;Calidad, retención y coste;cubierto;0;deep-ingestion-governance;"Su contenido (volumen, cardinalidad, retención/bucket, masking, coste) es el mismo que el de deep-ingestion-governance, cuyas preguntas ya lo evalúan; el resto es método de validación sin dato verificable distinto.";2026-10-02
ingestion;mechanisms;OneAgent, ActiveGate, OpenTelemetry y APIs;requiere;2;;Contiene el papel de ActiveGate como gateway (enrutar tráfico de OneAgent) y que en serverless OneAgent puede no ser posible (Lambda: extension u OpenTelemetry).;2026-10-02
ingestion;log-ingestion;Log ingestion y timestamps;requiere;2;;Timestamp ausente o mal interpretado: la API usa la hora actual y, con formato no admitido, guarda el valor en unparsed_timestamp.;2026-10-02
ingestion;metric-ingestion;Métricas, dimensiones y cardinalidad;requiere;3;;"Tipos gauge/count, semántica de agregación y dimensiones: verificables en el metric ingestion protocol (count,delta; resumen gauge; 50 dimensiones).";2026-10-02
ingestion;trace-ingestion;Traces, spans y sampling;requiere;1;;"El sampling afecta a la unión de trazas; la documentación recomienda ParentBasedSampler para seguir la decisión del frontend.";2026-10-02
ingestion;cloud-vmware;Cloud, VMware y monitorización remota;cubierto;0;deep-activegate-integrations;Mismo contenido evaluable que deep-activegate-integrations (ActiveGate para la capa remota/VMware, OneAgent en la VM no recoge el hipervisor), ya evaluado por R-ING-11, R-ING-12 y R-ING-23.;2026-10-02
ingestion;retention-storage;Buckets, retención y consulta;requiere;1;;"Contenido evaluable en el examen; ya tiene preguntas revisadas y respaldadas por una frase literal del apartado (auditoría oct 2026).";2026-10-02
ingestion;deep-ingestion-lifecycle;El ciclo completo de ingestión y Log Ingest API;requiere;1;;Aporta un dato no preguntado: el lote puede crecer tras el procesamiento y se rechaza si supera 16 MB (el resto del contrato ya está en sup-log-api-contract). Compresión gzip no verificada en la documentación actual, no se pregunta.;2026-10-02
ingestion;deep-log-ingestion;Logs: OneAgent, API, ActiveGate y cloud;requiere;1;;"Contenido evaluable en el examen; ya tiene preguntas revisadas y respaldadas por una frase literal del apartado (auditoría oct 2026).";2026-10-02
ingestion;sup-log-api-contract;Log ingestion API: contrato, respuestas y ActiveGate;requiere;1;;"Contenido evaluable en el examen; ya tiene preguntas revisadas y respaldadas por una frase literal del apartado (auditoría oct 2026).";2026-10-02
ingestion;sup-oneagent-logs;OneAgent: autodiscovery, log ingest rules y Kubernetes;requiere;1;;"Contenido evaluable en el examen; ya tiene preguntas revisadas y respaldadas por una frase literal del apartado (auditoría oct 2026).";2026-10-02
ingestion;sup-syslog-cloud;Syslog en ActiveGate y logs de proveedores cloud;requiere;1;;"Contenido evaluable en el examen; ya tiene preguntas revisadas y respaldadas por una frase literal del apartado (auditoría oct 2026).";2026-10-02
ingestion;deep-openpipeline;OpenPipeline: ingest sources, routing, pipelines y storage;requiere;2;;Lista completa y ordenada de stages (Smartscape, allocation, Davis, Data extraction) no preguntada antes.;2026-10-02
ingestion;sup-op-sources-routing;Ingest sources, routing y forwarding en OpenPipeline;requiere;1;;"Contenido evaluable en el examen; ya tiene preguntas revisadas y respaldadas por una frase literal del apartado (auditoría oct 2026).";2026-10-02
ingestion;sup-op-stages-processors;Stages y processors dentro de un pipeline;requiere;1;;"Contenido evaluable en el examen; ya tiene preguntas revisadas y respaldadas por una frase literal del apartado (auditoría oct 2026).";2026-10-02
ingestion;sup-op-groups-access;Pipeline groups y owner-based access control;requiere;1;;"Contenido evaluable en el examen; ya tiene preguntas revisadas y respaldadas por una frase literal del apartado (auditoría oct 2026).";2026-10-02
ingestion;deep-otel-signals;OpenTelemetry para logs, métricas y traces;requiere;2;;Endpoints nativos SaaS/ActiveGate/OneAgent y auth del endpoint: endpoint local de OneAgent (14499, solo traces, sin token) y scopes de Classic token.;2026-10-02
ingestion;sup-otlp;OTLP en Dynatrace: endpoints, protocolo y correlación;requiere;1;;"Contenido evaluable en el examen; ya tiene preguntas revisadas y respaldadas por una frase literal del apartado (auditoría oct 2026).";2026-10-02
ingestion;deep-activegate-integrations;ActiveGate, cloud y VMware;requiere;1;;"Contenido evaluable en el examen; ya tiene preguntas revisadas y respaldadas por una frase literal del apartado (auditoría oct 2026).";2026-10-02
ingestion;deep-ingestion-governance;Buckets, retención, seguridad y coste;requiere;2;;Permisos de bucket, table y record en Grail: storage:buckets:read + storage:logs:read y condición sobre dt.security_context.;2026-10-02
ingestion;precision-facts;Hechos de precisión;requiere;3;;Ficha de precisión: se preguntan hechos aún no evaluados (200 en ingestión parcial, 35 días de default_logs frente al timeframe, el parser no crea fuente).;2026-10-02
other;smartscape;Smartscape y topología;requiere;2;;Define lifetime/timeframe como causas de relaciones ausentes y niveles de entidad (incl. database/application): evaluable con la naturaleza dinámica de SERVICE calls SERVICE y la arista FRONTEND calls SERVICE.;2026-10-02
other;sup-smartscape-app;App Smartscape: nodos, grupos, búsqueda, filtros y layouts;requiere;1;;"Contenido evaluable en el examen; ya tiene preguntas revisadas y respaldadas por una frase literal del apartado (auditoría oct 2026).";2026-10-02
other;sup-problem-graph;Problem graph: alcance de los Problems activos;requiere;1;;"Contenido evaluable en el examen; ya tiene preguntas revisadas y respaldadas por una frase literal del apartado (auditoría oct 2026).";2026-10-02
other;logs;Investigación de logs;requiere;3;;Incluye una consulta DQL concreta (orden, límite, contains sensible a mayúsculas) y la distinción dt.entity.service (ID Classic) frente a dt.smartscape.service.;2026-10-02
other;entities;Niveles de entidad;requiere;2;;Tabla entidad/qué representa/pregunta con niveles host, PGI, service y application verificables (PG = clúster lógico, PGI = ejecución concreta).;2026-10-02
other;hub-integrations;Hub, extensiones y lookups;requiere;2;;"Hub cataloga apps/extensiones y el comportamiento de lookup con claves no únicas es dato verificable; se corrigió la afirmación falsa de que lookup multiplica filas.";2026-10-02
other;entity-model;Entity model e identificadores;requiere;2;;Aporta la dependencia service→varias bases de datos (SERVICE calls DB_* dinámica) y el timeframe como contexto de entidad (campo lifetime en Classic).;2026-10-02
other;dql-dpl;DQL, DPL y parsing;requiere;1;;"Contenido evaluable en el examen; ya tiene preguntas revisadas y respaldadas por una frase literal del apartado (auditoría oct 2026).";2026-10-02
other;log-evidence;Logs: del mensaje a la evidencia;requiere;2;;Remite a content cuando no hay campos parseados y a la retención cuando un log no aparece: evaluable con el campo content y la retención de 35 días de default_logs.;2026-10-02
other;smartscape-diagnosis;Smartscape como hipótesis;requiere;2;;Una arista es relación observada, no causalidad, y hay que confirmar la señal que la sustenta: evaluable con aristas dinámicas basadas en señales de monitorización.;2026-10-02
other;hub-verification;Verificar una integración del Hub;requiere;2;;Instalado no implica produciendo datos y hay que documentar permisos: evaluable con Health/logs por monitoring configuration y permisos extensions:configurations:*.;2026-10-02
other;deep-smartscape-graph;Smartscape Classic: 5 tiers y entidades dt.entity.*;requiere;1;;"Contenido evaluable en el examen; ya tiene preguntas revisadas y respaldadas por una frase literal del apartado (auditoría oct 2026).";2026-10-02
other;sup-smartscape-on-grail;Smartscape on Grail: IDs, lifetime, edges y retención;requiere;1;;"Contenido evaluable en el examen; ya tiene preguntas revisadas y respaldadas por una frase literal del apartado (auditoría oct 2026).";2026-10-02
other;sup-smartscape-dql;Consultar la topología: smartscapeNodes, smartscapeEdges y traverse;requiere;1;;"Contenido evaluable en el examen; ya tiene preguntas revisadas y respaldadas por una frase literal del apartado (auditoría oct 2026).";2026-10-02
other;sup-smartscape-events;Smartscape events: upserts parciales y borrado con null;requiere;1;;"Contenido evaluable en el examen; ya tiene preguntas revisadas y respaldadas por una frase literal del apartado (auditoría oct 2026).";2026-10-02
other;deep-log-investigation;Investigar logs sin perder el contexto;requiere;3;;Filtro por campo frente a búsqueda textual, uso de DPL y orden filtrar→parsear: datos verificables en la documentación de DQL y DPL.;2026-10-02
other;sup-logs-app;Logs app: permisos, facetas, filtros y continuidad;requiere;1;;"Contenido evaluable en el examen; ya tiene preguntas revisadas y respaldadas por una frase literal del apartado (auditoría oct 2026).";2026-10-02
other;sup-log-patterns;Surrounding logs y pattern analysis;requiere;1;;"Contenido evaluable en el examen; ya tiene preguntas revisadas y respaldadas por una frase literal del apartado (auditoría oct 2026).";2026-10-02
other;deep-entities-query;Entidades y consulta con DQL (storage:entities:read);requiere;2;;Su consulta fetch dt.entity.host | fieldsAdd runs[...] y la relación inversa runs/runs_on no están preguntadas en sup-classic-entities.;2026-10-02
other;sup-classic-entities;Entidades Classic en DQL: fetch dt.entity.*, relaciones y límites;requiere;1;;"Contenido evaluable en el examen; ya tiene preguntas revisadas y respaldadas por una frase literal del apartado (auditoría oct 2026).";2026-10-02
other;deep-hub-extensions;Hub, apps y Extensions 2.0;requiere;3;;La ficha de Hub (Technical information con permisos e intents, Contents) y el lifecycle de actualización de extensiones son datos documentados no preguntados.;2026-10-02
other;sup-hub-extensions-setup;Hub y extensiones SNMP: permisos y pasos de configuración;requiere;1;;"Contenido evaluable en el examen; ya tiene preguntas revisadas y respaldadas por una frase literal del apartado (auditoría oct 2026).";2026-10-02
other;deep-cross-app-troubleshooting;Drilldowns y diagnóstico transversal;requiere;1;;"Abrir una entidad en otra app conservando contexto se apoya en intents, dato verificable; el resto (destinos de la Logs app, navegación a host) ya está cubierto por G-194/G-197.";2026-10-02
other;precision-facts;Hechos de precisión;requiere;4;;Ficha de examen: se preguntan hechos aún no evaluados (versión 1.334, fetch logs lee todos los buckets, instance_of/instantiates, nodo del tier Processes). Se corrigió la fila Lookup.;2026-10-02
